-- phpMyAdmin SQL Dump
-- version 4.7.0
-- https://www.phpmyadmin.net/
--
-- Host: 127.0.0.1
-- Generation Time: Apr 16, 2018 at 01:21 PM
-- Server version: 10.1.25-MariaDB
-- PHP Version: 7.1.7

SET SQL_MODE = "NO_AUTO_VALUE_ON_ZERO";
SET AUTOCOMMIT = 0;
START TRANSACTION;
SET time_zone = "+00:00";


/*!40101 SET @OLD_CHARACTER_SET_CLIENT=@@CHARACTER_SET_CLIENT */;
/*!40101 SET @OLD_CHARACTER_SET_RESULTS=@@CHARACTER_SET_RESULTS */;
/*!40101 SET @OLD_COLLATION_CONNECTION=@@COLLATION_CONNECTION */;
/*!40101 SET NAMES utf8mb4 */;

--
-- Database: `kizalabc_agridb`
--

-- --------------------------------------------------------

--
-- Table structure for table `charvest_output`
--

CREATE TABLE `charvest_output` (
  `id` int(11) NOT NULL,
  `harvestId` int(11) NOT NULL,
  `quantity` float NOT NULL,
  `status` varchar(16) NOT NULL COMMENT 'states what happened',
  `reason` varchar(2048) DEFAULT NULL COMMENT 'descriptional reason for the status',
  `createdDate` date NOT NULL COMMENT 'when the status was notified',
  `createdBy` int(11) NOT NULL COMMENT 'id of who reported'
) ENGINE=InnoDB DEFAULT CHARSET=latin1 COMMENT='stores where the cooperative harvest has gone';

-- --------------------------------------------------------

--
-- Table structure for table `charvest_sales`
--

CREATE TABLE `charvest_sales` (
  `id` int(11) NOT NULL,
  `harvestId` int(11) NOT NULL,
  `quantity` int(11) NOT NULL,
  `stockId` int(11) NOT NULL,
  `soldDate` timestamp NOT NULL DEFAULT CURRENT_TIMESTAMP ON UPDATE CURRENT_TIMESTAMP,
  `soldBy` tinyint(4) DEFAULT NULL,
  `price` float NOT NULL,
  `payment_status` varchar(16) NOT NULL COMMENT 'paid or not'
) ENGINE=InnoDB DEFAULT CHARSET=latin1;

-- --------------------------------------------------------

--
-- Table structure for table `collectionusers`
--

CREATE TABLE `collectionusers` (
  `collectionUserId` int(11) NOT NULL,
  `collectionUserName` varchar(245) NOT NULL,
  `collectionUserNID` int(32) NOT NULL,
  `collectionUserDuty` varchar(64) NOT NULL,
  `collectionUserStartDate` timestamp NOT NULL DEFAULT CURRENT_TIMESTAMP ON UPDATE CURRENT_TIMESTAMP,
  `collectionUserSuspendDate` timestamp NULL DEFAULT NULL,
  `status` varchar(16) NOT NULL
) ENGINE=MyISAM DEFAULT CHARSET=latin1 COMMENT='table keeps authority in ikusanyirizo';

-- --------------------------------------------------------

--
-- Table structure for table `cooperativecommitee`
--

CREATE TABLE `cooperativecommitee` (
  `id` int(11) NOT NULL,
  `farmerId` int(11) NOT NULL,
  `commiteePosition` varchar(64) NOT NULL,
  `dateVoted` timestamp NOT NULL DEFAULT CURRENT_TIMESTAMP ON UPDATE CURRENT_TIMESTAMP,
  `dateDutyEnds` timestamp NULL DEFAULT NULL,
  `status` varchar(32) NOT NULL
) ENGINE=InnoDB DEFAULT CHARSET=latin1;

-- --------------------------------------------------------

--
-- Table structure for table `cooperatives`
--

CREATE TABLE `cooperatives` (
  `cooperativeId` int(11) NOT NULL,
  `name` varchar(256) NOT NULL,
  `username` varchar(64) NOT NULL,
  `cooperativeSerial` int(32) DEFAULT NULL,
  `location` varchar(1024) NOT NULL,
  `cooperativePhone` varchar(12) NOT NULL,
  `password` varchar(256) NOT NULL,
  `dateAdded` timestamp NOT NULL DEFAULT CURRENT_TIMESTAMP ON UPDATE CURRENT_TIMESTAMP,
  `type` varchar(64) NOT NULL
) ENGINE=InnoDB DEFAULT CHARSET=latin1;

--
-- Dumping data for table `cooperatives`
--

INSERT INTO `cooperatives` (`cooperativeId`, `name`, `username`, `cooperativeSerial`, `location`, `cooperativePhone`, `password`, `dateAdded`, `type`) VALUES
(1, 'KOTUKA', '', NULL, 'Karangazi', '', '', '2018-04-02 19:22:09', 'something'),
(3, 'Copro', '', NULL, '', '', '', '2018-04-02 19:22:06', '');

-- --------------------------------------------------------

--
-- Table structure for table `cooperative_committee`
--

CREATE TABLE `cooperative_committee` (
  `id` int(11) NOT NULL,
  `user` int(11) NOT NULL,
  `cooperative` int(11) NOT NULL,
  `committeePosition` varchar(64) NOT NULL,
  `dateVoted` timestamp NOT NULL DEFAULT CURRENT_TIMESTAMP ON UPDATE CURRENT_TIMESTAMP,
  `dateDutyEnds` timestamp NULL DEFAULT NULL,
  `status` varchar(32) NOT NULL
) ENGINE=InnoDB DEFAULT CHARSET=latin1;

--
-- Dumping data for table `cooperative_committee`
--

INSERT INTO `cooperative_committee` (`id`, `user`, `cooperative`, `committeePosition`, `dateVoted`, `dateDutyEnds`, `status`) VALUES
(1, 1, 1, 'admin', '2018-04-07 22:16:30', NULL, 'active');

-- --------------------------------------------------------

--
-- Table structure for table `cooperative_crops`
--

CREATE TABLE `cooperative_crops` (
  `id` int(11) NOT NULL,
  `cooperativeId` int(11) NOT NULL,
  `cropId` int(11) NOT NULL,
  `addedDate` timestamp NOT NULL DEFAULT CURRENT_TIMESTAMP,
  `addedBy` int(11) NOT NULL COMMENT 'user who added the crop',
  `stopedDate` timestamp NULL DEFAULT NULL,
  `status` varchar(16) DEFAULT 'active'
) ENGINE=InnoDB DEFAULT CHARSET=latin1;

--
-- Dumping data for table `cooperative_crops`
--

INSERT INTO `cooperative_crops` (`id`, `cooperativeId`, `cropId`, `addedDate`, `addedBy`, `stopedDate`, `status`) VALUES
(1, 1, 1, '2018-04-03 06:38:32', 0, NULL, 'active'),
(2, 1, 3, '0000-00-00 00:00:00', 0, NULL, 'active'),
(3, 1, 3, '0000-00-00 00:00:00', 0, NULL, 'active'),
(4, 1, 3, '0000-00-00 00:00:00', 0, NULL, 'active'),
(5, 1, 0, '0000-00-00 00:00:00', 0, NULL, 'active'),
(6, 1, 4, '0000-00-00 00:00:00', 0, NULL, 'active'),
(7, 1, 5, '0000-00-00 00:00:00', 0, NULL, 'active'),
(8, 1, 6, '0000-00-00 00:00:00', 0, NULL, 'active'),
(9, 1, 7, '0000-00-00 00:00:00', 0, NULL, 'active'),
(10, 1, 7, '0000-00-00 00:00:00', 0, NULL, 'active'),
(11, 1, 7, '0000-00-00 00:00:00', 0, NULL, 'active'),
(12, 1, 7, '0000-00-00 00:00:00', 0, NULL, 'active'),
(13, 1, 7, '0000-00-00 00:00:00', 0, NULL, 'active'),
(14, 1, 7, '0000-00-00 00:00:00', 0, NULL, 'active'),
(15, 1, 8, '0000-00-00 00:00:00', 0, NULL, 'active'),
(16, 1, 9, '0000-00-00 00:00:00', 0, NULL, 'active'),
(17, 1, 8, '0000-00-00 00:00:00', 0, NULL, 'active'),
(18, 1, 10, '2018-04-12 06:00:27', 1, NULL, 'active'),
(19, 1, 11, '2018-04-12 06:10:14', 1, NULL, 'active'),
(20, 1, 12, '2018-04-13 17:00:53', 1, NULL, 'active'),
(21, 1, 11, '2018-04-13 17:01:51', 1, NULL, 'active');

-- --------------------------------------------------------

--
-- Table structure for table `cooperative_crop_registaration`
--

CREATE TABLE `cooperative_crop_registaration` (
  `id` int(11) NOT NULL,
  `izina` varchar(255) NOT NULL,
  `ubwoko` varchar(255) NOT NULL,
  `grade` varchar(20) NOT NULL
) ENGINE=InnoDB DEFAULT CHARSET=latin1;

-- --------------------------------------------------------

--
-- Table structure for table `cooperative_file_harvest_record`
--

CREATE TABLE `cooperative_file_harvest_record` (
  `id` int(11) NOT NULL,
  `search_crop_records` varchar(255) NOT NULL,
  `sesrch_member_record` varchar(255) NOT NULL,
  `Quentity_kg` varchar(255) NOT NULL,
  `registaration_date` timestamp(6) NOT NULL DEFAULT CURRENT_TIMESTAMP(6) ON UPDATE CURRENT_TIMESTAMP(6),
  `user_information` varchar(255) NOT NULL
) ENGINE=InnoDB DEFAULT CHARSET=latin1;

-- --------------------------------------------------------

--
-- Table structure for table `cooperative_harvest`
--

CREATE TABLE `cooperative_harvest` (
  `id` int(11) NOT NULL,
  `cropId` int(11) NOT NULL,
  `cooperativeId` int(11) NOT NULL COMMENT 'The cooperative declaring produce',
  `userId` int(11) DEFAULT NULL COMMENT 'If produce is brought by farmer in cooperative, then this will be something',
  `quantity` float NOT NULL COMMENT 'The quantity based on measurement in crop',
  `harvestDate` timestamp NOT NULL DEFAULT CURRENT_TIMESTAMP ON UPDATE CURRENT_TIMESTAMP,
  `declareDate` timestamp NOT NULL DEFAULT CURRENT_TIMESTAMP
) ENGINE=InnoDB DEFAULT CHARSET=latin1 COMMENT='table used by cooperative to declare the harvest';

-- --------------------------------------------------------

--
-- Table structure for table `cooperative_members`
--

CREATE TABLE `cooperative_members` (
  `ID_NUMBER` int(16) NOT NULL,
  `F_name` varchar(20) NOT NULL,
  `L_name` varchar(20) NOT NULL,
  `Gender` varchar(20) NOT NULL,
  `phone_number` int(13) NOT NULL,
  `profile_image` text NOT NULL,
  `date_of_birth` varchar(11) NOT NULL,
  `Residence` varchar(262) NOT NULL,
  `Landscop` varchar(11) NOT NULL
) ENGINE=InnoDB DEFAULT CHARSET=latin1;

-- --------------------------------------------------------

--
-- Table structure for table `cooperative_registaration`
--

CREATE TABLE `cooperative_registaration` (
  `cooprative_name` varchar(222) NOT NULL,
  `location` varchar(222) NOT NULL,
  `user_name_admin` varchar(233) NOT NULL,
  `phone` varchar(253) NOT NULL,
  `passsword` varchar(235) NOT NULL,
  `crop_ID` int(16) NOT NULL
) ENGINE=InnoDB DEFAULT CHARSET=latin1;

-- --------------------------------------------------------

--
-- Table structure for table `crops`
--

CREATE TABLE `crops` (
  `cropId` int(11) NOT NULL,
  `cropName` varchar(32) NOT NULL
) ENGINE=InnoDB DEFAULT CHARSET=latin1;

--
-- Dumping data for table `crops`
--

INSERT INTO `crops` (`cropId`, `cropName`) VALUES
(1, 'Ibirayi'),
(2, 'Ibishyimbo'),
(3, 'Hello'),
(4, 'Heeeee'),
(5, 'Ihene'),
(6, 'Inkoko'),
(7, 'asasas'),
(8, 'asasasas'),
(9, 'Hell'),
(10, 'Umuceri'),
(11, 'Ibitoki'),
(12, 'Amasaka');

-- --------------------------------------------------------

--
-- Table structure for table `crops_pricing`
--

CREATE TABLE `crops_pricing` (
  `pricingId` int(11) NOT NULL,
  `cropId` int(11) NOT NULL,
  `cooperativeId` int(11) NOT NULL,
  `amount` int(11) NOT NULL,
  `measurement` int(11) NOT NULL COMMENT 'how is pricing is measured KG, units?',
  `dateEstablished` timestamp NOT NULL DEFAULT CURRENT_TIMESTAMP ON UPDATE CURRENT_TIMESTAMP,
  `dateStopped` timestamp NULL DEFAULT NULL
) ENGINE=InnoDB DEFAULT CHARSET=latin1;

-- --------------------------------------------------------

--
-- Table structure for table `farmer`
--

CREATE TABLE `farmer` (
  `farmerId` int(11) NOT NULL,
  `farmerName` varchar(256) NOT NULL,
  `farmerPhone` varchar(20) NOT NULL,
  `farmerNID` int(32) NOT NULL,
  `farmerGender` varchar(2) NOT NULL,
  `farmerLocation` varchar(1024) NOT NULL,
  `farmerAddedDate` timestamp NOT NULL DEFAULT CURRENT_TIMESTAMP ON UPDATE CURRENT_TIMESTAMP
) ENGINE=InnoDB DEFAULT CHARSET=latin1;

--
-- Dumping data for table `farmer`
--

INSERT INTO `farmer` (`farmerId`, `farmerName`, `farmerPhone`, `farmerNID`, `farmerGender`, `farmerLocation`, `farmerAddedDate`) VALUES
(1, 'Samuel', '0785555', 11111, 'M', 'KIgali', '2018-03-30 21:28:54'),
(2, '', '', 12, '', '', '2018-03-30 22:40:32'),
(3, 'Placide', '', 1142, 'M', '', '2018-03-31 10:45:44'),
(4, '\"Placide\"', '', 1142, 'M', '', '2018-03-31 10:48:09'),
(5, '\"Placide\"', '', 1162, 'M', '', '2018-03-31 10:54:19'),
(6, 'Saphani', '', 1212121, 'M', 'Kiiiii', '2018-04-02 07:26:59'),
(7, 'Saphani', '', 2147483647, 'M', 'Kiiiii', '2018-04-02 07:31:20'),
(8, 'asas', '', 121, 'on', '', '2018-04-11 05:46:57'),
(9, 'MUKWIYE Lambert', '', 12121, 'on', '', '2018-04-11 05:51:00'),
(10, 'asda', '', 1212, 'on', '', '2018-04-11 05:52:57');

-- --------------------------------------------------------

--
-- Table structure for table `harvest`
--

CREATE TABLE `harvest` (
  `id` int(11) NOT NULL,
  `cropId` int(11) NOT NULL,
  `quantity` float NOT NULL,
  `harvestSeason` int(11) NOT NULL,
  `farmerId` int(11) NOT NULL,
  `collectionID` int(11) NOT NULL,
  `dateCollected` timestamp NOT NULL DEFAULT CURRENT_TIMESTAMP ON UPDATE CURRENT_TIMESTAMP,
  `collectionUserId` int(11) NOT NULL COMMENT 'id of someone who collected the harvest'
) ENGINE=InnoDB DEFAULT CHARSET=latin1;

--
-- Dumping data for table `harvest`
--

INSERT INTO `harvest` (`id`, `cropId`, `quantity`, `harvestSeason`, `farmerId`, `collectionID`, `dateCollected`, `collectionUserId`) VALUES
(1, 1, 12, 1, 1, 1, '2018-04-09 04:03:05', 12);

-- --------------------------------------------------------

--
-- Table structure for table `seasons`
--

CREATE TABLE `seasons` (
  `seasonId` int(11) NOT NULL,
  `seasonName` varchar(32) NOT NULL,
  `seasonStart` timestamp NOT NULL DEFAULT CURRENT_TIMESTAMP ON UPDATE CURRENT_TIMESTAMP,
  `seasonEnd` timestamp NOT NULL DEFAULT '0000-00-00 00:00:00'
) ENGINE=InnoDB DEFAULT CHARSET=latin1;

-- --------------------------------------------------------

--
-- Table structure for table `stations_data`
--

CREATE TABLE `stations_data` (
  `id` int(11) NOT NULL,
  `device_id` varchar(100) NOT NULL,
  `entry_id` varchar(100) NOT NULL,
  `field1` varchar(50) NOT NULL,
  `field2` varchar(50) NOT NULL,
  `field3` varchar(50) NOT NULL,
  `field4` varchar(50) NOT NULL,
  `created_at` varchar(255) NOT NULL,
  `regDate` timestamp NOT NULL DEFAULT CURRENT_TIMESTAMP
) ENGINE=InnoDB DEFAULT CHARSET=latin1;

--
-- Dumping data for table `stations_data`
--

INSERT INTO `stations_data` (`id`, `device_id`, `entry_id`, `field1`, `field2`, `field3`, `field4`, `created_at`, `regDate`) VALUES
(377, '428688', '544', '46.00', '-127.00', '26.00', '30', '2018-02-17T14:07:27Z', '2018-03-18 10:00:18'),
(378, '428688', '545', '46.00', '-127.00', '36.00', '30', '2018-02-17T14:07:51Z', '2018-03-18 10:00:18'),
(379, '428688', '546', '46.00', '-127.00', '37.00', '28', '2018-02-17T14:08:15Z', '2018-03-18 10:00:18'),
(380, '428688', '547', '46.00', '-127.00', '35.00', '30', '2018-02-17T14:08:36Z', '2018-03-18 10:00:18'),
(381, '428688', '548', '46.00', '-127.00', '35.00', '29', '2018-02-17T14:09:00Z', '2018-03-18 10:00:18'),
(382, '428688', '549', '46.00', '-127.00', '35.00', '29', '2018-02-17T14:09:23Z', '2018-03-18 10:00:18'),
(383, '428688', '550', '46.00', '-127.00', '35.00', '30', '2018-02-17T14:09:44Z', '2018-03-18 10:00:18'),
(384, '428688', '551', '46.00', '-127.00', '35.00', '29', '2018-02-17T14:10:09Z', '2018-03-18 10:00:18'),
(385, '428688', '552', '46.00', '-127.00', '35.00', '29', '2018-02-17T14:10:31Z', '2018-03-18 10:00:18'),
(386, '428688', '553', '46.00', '-127.00', '35.00', '29', '2018-02-17T14:10:52Z', '2018-03-18 10:00:18'),
(387, '428688', '554', '44.00', '-127.00', '35.00', '29', '2018-02-17T14:11:17Z', '2018-03-18 10:00:19'),
(388, '428688', '555', '44.00', '-127.00', '35.00', '29', '2018-02-17T14:11:37Z', '2018-03-18 10:00:19'),
(389, '428688', '556', '46.00', '-127.00', '35.00', '29', '2018-02-17T14:11:59Z', '2018-03-18 10:00:19'),
(390, '428688', '557', '46.00', '-127.00', '35.00', '29', '2018-02-17T14:12:21Z', '2018-03-18 10:00:19'),
(391, '428688', '558', '44.00', '-127.00', '35.00', '29', '2018-02-17T14:12:50Z', '2018-03-18 10:00:19'),
(392, '428688', '559', '44.00', '-127.00', '37.00', '29', '2018-02-17T14:13:15Z', '2018-03-18 10:00:19'),
(393, '428688', '560', '46.00', '-127.00', '35.00', '29', '2018-02-17T14:13:37Z', '2018-03-18 10:00:19'),
(394, '428688', '561', '46.00', '-127.00', '34.00', '29', '2018-02-17T14:13:59Z', '2018-03-18 10:00:19'),
(395, '428688', '562', '46.00', '-127.00', '35.00', '29', '2018-02-17T14:14:23Z', '2018-03-18 10:00:19'),
(396, '428688', '563', '47.00', '-127.00', '35.00', '29', '2018-02-17T14:14:48Z', '2018-03-18 10:00:19'),
(397, '428688', '564', '47.00', '-127.00', '37.00', '29', '2018-02-17T14:15:16Z', '2018-03-18 10:00:19'),
(398, '428688', '565', '47.00', '-127.00', '27.00', '30', '2018-02-17T14:19:53Z', '2018-03-18 10:00:19'),
(399, '428688', '566', '45.00', '-127.00', '27.00', '30', '2018-02-17T14:20:18Z', '2018-03-18 10:00:19'),
(400, '428688', '567', '47.00', '-127.00', '33.00', '30', '2018-02-17T14:20:40Z', '2018-03-18 10:00:19'),
(401, '428688', '568', '47.00', '-127.00', '34.00', '30', '2018-02-17T14:21:10Z', '2018-03-18 10:00:20'),
(402, '428688', '569', '47.00', '-127.00', '24.00', '30', '2018-02-17T14:21:34Z', '2018-03-18 10:00:20'),
(403, '428688', '570', '51.00', '-127.00', '34.00', '30', '2018-02-17T14:21:58Z', '2018-03-18 10:00:20'),
(404, '428688', '571', '51.00', '-127.00', '37.00', '30', '2018-02-17T14:22:22Z', '2018-03-18 10:00:20'),
(405, '428688', '572', '50.00', '-127.00', '35.00', '30', '2018-02-17T14:22:44Z', '2018-03-18 10:00:20'),
(406, '428688', '573', '50.00', '-127.00', '35.00', '30', '2018-02-17T14:23:07Z', '2018-03-18 10:00:20'),
(407, '428688', '574', '50.00', '-127.00', '35.00', '30', '2018-02-17T14:23:30Z', '2018-03-18 10:00:20'),
(408, '428688', '575', '50.00', '-127.00', '25.00', '30', '2018-02-17T14:23:52Z', '2018-03-18 10:00:20'),
(409, '428688', '576', '49.00', '-127.00', '24.00', '30', '2018-02-17T14:24:15Z', '2018-03-18 10:00:20'),
(410, '428688', '577', '49.00', '-127.00', '35.00', '30', '2018-02-17T14:24:38Z', '2018-03-18 10:00:20'),
(411, '428688', '578', '47.00', '-127.00', '35.00', '30', '2018-02-17T14:25:02Z', '2018-03-18 10:00:20'),
(412, '428688', '579', '49.00', '-127.00', '36.00', '30', '2018-02-17T14:25:26Z', '2018-03-18 10:00:21'),
(413, '428688', '580', '46.00', '-127.00', '36.00', '30', '2018-02-17T14:25:49Z', '2018-03-18 10:00:21'),
(414, '428688', '581', '49.00', '-127.00', '37.00', '30', '2018-02-17T14:26:12Z', '2018-03-18 10:00:21'),
(415, '428688', '582', '46.00', '-127.00', '36.00', '30', '2018-02-17T14:26:38Z', '2018-03-18 10:00:21'),
(416, '428688', '583', '49.00', '-127.00', '36.00', '29', '2018-02-17T14:27:01Z', '2018-03-18 10:00:21'),
(417, '428688', '584', '48.00', '-127.00', '36.00', '30', '2018-02-17T14:27:25Z', '2018-03-18 10:00:21'),
(418, '428688', '585', '48.00', '-127.00', '35.00', '30', '2018-02-17T14:27:47Z', '2018-03-18 10:00:21'),
(419, '428688', '586', '48.00', '-127.00', '36.00', '30', '2018-02-17T14:28:11Z', '2018-03-18 10:00:21'),
(420, '428688', '587', '48.00', '-127.00', '36.00', '30', '2018-02-17T14:28:32Z', '2018-03-18 10:00:21'),
(421, '428688', '588', '48.00', '-127.00', '36.00', '30', '2018-02-17T14:28:57Z', '2018-03-18 10:00:21'),
(422, '428688', '589', '46.00', '-127.00', '36.00', '30', '2018-02-17T14:29:20Z', '2018-03-18 10:00:21'),
(423, '428688', '590', '48.00', '-127.00', '36.00', '30', '2018-02-17T14:29:47Z', '2018-03-18 10:00:21'),
(424, '428688', '591', '48.00', '-127.00', '35.00', '30', '2018-02-17T14:30:12Z', '2018-03-18 10:00:21'),
(425, '428688', '592', '48.00', '-127.00', '25.00', '30', '2018-02-17T14:30:40Z', '2018-03-18 10:00:22'),
(426, '428688', '593', '48.00', '-127.00', '36.00', '30', '2018-02-17T14:31:08Z', '2018-03-18 10:00:22'),
(427, '428688', '594', '46.00', '-127.00', '36.00', '30', '2018-02-17T14:31:35Z', '2018-03-18 10:00:22'),
(428, '428688', '595', '48.00', '-127.00', '36.00', '30', '2018-02-17T14:32:03Z', '2018-03-18 10:00:22'),
(429, '428688', '596', '48.00', '-127.00', '36.00', '30', '2018-02-17T14:32:23Z', '2018-03-18 10:00:22'),
(430, '428688', '597', '48.00', '-127.00', '35.00', '30', '2018-02-17T14:32:45Z', '2018-03-18 10:00:22'),
(431, '428688', '598', '45.00', '-127.00', '36.00', '30', '2018-02-17T14:33:07Z', '2018-03-18 10:00:22'),
(432, '428688', '599', '48.00', '-127.00', '36.00', '30', '2018-02-17T14:33:31Z', '2018-03-18 10:00:22'),
(433, '428688', '600', '48.00', '-127.00', '35.00', '30', '2018-02-17T14:33:54Z', '2018-03-18 10:00:22'),
(434, '428688', '601', '48.00', '-127.00', '35.00', '30', '2018-02-17T14:34:17Z', '2018-03-18 10:00:22'),
(435, '428688', '602', '48.00', '-127.00', '37.00', '30', '2018-02-17T14:34:42Z', '2018-03-18 10:00:23'),
(436, '428688', '603', '48.00', '-127.00', '35.00', '30', '2018-02-17T14:35:05Z', '2018-03-18 10:00:23'),
(437, '428688', '604', '45.00', '-127.00', '35.00', '30', '2018-02-17T14:35:29Z', '2018-03-18 10:00:23'),
(438, '428688', '605', '48.00', '-127.00', '37.00', '30', '2018-02-17T14:35:55Z', '2018-03-18 10:00:23'),
(439, '428688', '606', '48.00', '-127.00', '36.00', '30', '2018-02-17T14:36:19Z', '2018-03-18 10:00:23'),
(440, '428688', '607', '48.00', '-127.00', '37.00', '30', '2018-02-17T14:36:51Z', '2018-03-18 10:00:23'),
(441, '428688', '608', '47.00', '-127.00', '27.00', '30', '2018-02-17T14:37:17Z', '2018-03-18 10:00:23'),
(442, '428688', '609', '0.00', '-127.00', '0.00', '0', '2018-03-18T09:49:27Z', '2018-03-18 10:00:23'),
(443, '428688', '610', '0.00', '-127.00', '0.00', '0', '2018-03-18T09:49:42Z', '2018-03-18 10:00:23'),
(444, '428688', '611', '0.00', '-127.00', '0.00', '0', '2018-03-18T09:50:01Z', '2018-03-18 10:00:23'),
(445, '428688', '612', '0.00', '-127.00', '0.00', '0', '2018-03-18T09:50:20Z', '2018-03-18 10:00:23'),
(446, '428688', '613', '0.00', '-127.00', '0.00', '0', '2018-03-18T09:50:38Z', '2018-03-18 10:00:23'),
(447, '428688', '614', '0.00', '-127.00', '0.00', '0', '2018-03-18T09:50:57Z', '2018-03-18 10:00:24'),
(448, '428688', '615', '0.00', '-127.00', '0.00', '0', '2018-03-18T09:51:15Z', '2018-03-18 10:00:24'),
(449, '428688', '616', '0.00', '-127.00', '0.00', '0', '2018-03-18T09:51:33Z', '2018-03-18 10:00:24'),
(450, '428688', '617', '0.00', '-127.00', '0.00', '0', '2018-03-18T09:51:51Z', '2018-03-18 10:00:24'),
(451, '428688', '618', '0.00', '-127.00', '0.00', '0', '2018-03-18T09:52:09Z', '2018-03-18 10:00:24'),
(452, '428688', '619', '0.00', '-127.00', '0.00', '0', '2018-03-18T09:52:28Z', '2018-03-18 10:00:24'),
(453, '428688', '620', '0.00', '-127.00', '0.00', '0', '2018-03-18T09:52:46Z', '2018-03-18 10:00:24'),
(454, '428688', '621', '0.00', '-127.00', '0.00', '0', '2018-03-18T09:53:04Z', '2018-03-18 10:00:24'),
(455, '428688', '622', '0.00', '-127.00', '0.00', '0', '2018-03-18T09:53:22Z', '2018-03-18 10:00:24'),
(456, '428688', '623', '0.00', '-127.00', '0.00', '0', '2018-03-18T09:53:40Z', '2018-03-18 10:00:24'),
(457, '428688', '624', '0.00', '-127.00', '0.00', '0', '2018-03-18T09:53:59Z', '2018-03-18 10:00:25'),
(458, '428688', '625', '0.00', '-127.00', '0.00', '0', '2018-03-18T09:54:17Z', '2018-03-18 10:00:25'),
(459, '428688', '626', '0.00', '-127.00', '0.00', '0', '2018-03-18T09:54:35Z', '2018-03-18 10:00:25'),
(460, '428688', '627', '0.00', '-127.00', '0.00', '0', '2018-03-18T09:54:53Z', '2018-03-18 10:00:25'),
(461, '428688', '628', '0.00', '-127.00', '0.00', '0', '2018-03-18T09:55:15Z', '2018-03-18 10:00:25'),
(462, '428688', '629', '0.00', '-127.00', '0.00', '0', '2018-03-18T09:55:34Z', '2018-03-18 10:00:25'),
(463, '428688', '630', '0.00', '-127.00', '0.00', '0', '2018-03-18T09:55:52Z', '2018-03-18 10:00:25'),
(464, '428688', '631', '0.00', '-127.00', '0.00', '0', '2018-03-18T09:56:10Z', '2018-03-18 10:00:25'),
(465, '428688', '632', '0.00', '-127.00', '0.00', '0', '2018-03-18T09:56:29Z', '2018-03-18 10:00:25'),
(466, '428688', '633', '0.00', '-127.00', '0.00', '0', '2018-03-18T09:56:47Z', '2018-03-18 10:00:26'),
(467, '428688', '634', '0.00', '-127.00', '0.00', '0', '2018-03-18T09:57:05Z', '2018-03-18 10:00:26'),
(468, '428688', '635', '0.00', '-127.00', '0.00', '0', '2018-03-18T09:57:23Z', '2018-03-18 10:00:26'),
(469, '428688', '636', '0.00', '-127.00', '0.00', '0', '2018-03-18T09:57:42Z', '2018-03-18 10:00:26'),
(470, '428688', '637', '0.00', '-127.00', '0.00', '0', '2018-03-18T09:58:00Z', '2018-03-18 10:00:26'),
(471, '428688', '638', '0.00', '-127.00', '0.00', '0', '2018-03-18T09:58:18Z', '2018-03-18 10:00:26'),
(472, '428688', '639', '0.00', '-127.00', '0.00', '0', '2018-03-18T09:58:36Z', '2018-03-18 10:00:26'),
(473, '428688', '640', '0.00', '-127.00', '0.00', '0', '2018-03-18T09:59:15Z', '2018-03-18 10:00:26'),
(474, '428688', '641', '0.00', '-127.00', '0.00', '0', '2018-03-18T09:59:47Z', '2018-03-18 10:00:26'),
(475, '428688', '642', '0.00', '-127.00', '0.00', '0', '2018-03-18T10:00:06Z', '2018-03-18 10:00:26'),
(476, '428688', '643', '0.00', '-127.00', '0.00', '0', '2018-03-18T10:00:24Z', '2018-03-18 10:00:27'),
(477, '428688', '644', '0.00', '-127.00', '0.00', '0', '2018-03-18T10:00:42Z', '2018-03-18 10:00:45'),
(478, '428688', '645', '0.00', '-127.00', '0.00', '0', '2018-03-18T10:01:00Z', '2018-03-18 10:00:45'),
(479, '428688', '646', '0.00', '-127.00', '0.00', '0', '2018-03-18T10:01:19Z', '2018-03-18 10:01:02'),
(480, '428688', '647', '0.00', '-127.00', '0.00', '0', '2018-03-18T10:01:37Z', '2018-03-18 10:01:19'),
(481, '428688', '648', '0.00', '-127.00', '0.00', '0', '2018-03-18T10:01:56Z', '2018-03-18 10:01:37'),
(482, '428688', '649', '0.00', '-127.00', '0.00', '0', '2018-03-18T10:02:14Z', '2018-03-18 10:01:55'),
(483, '428688', '650', '0.00', '-127.00', '0.00', '0', '2018-03-18T10:02:33Z', '2018-03-18 10:02:15'),
(484, '428688', '651', '0.00', '-127.00', '0.00', '0', '2018-03-18T10:02:52Z', '2018-03-18 10:02:32'),
(485, '428688', '652', '58.00', '-127.00', '0.00', '0', '2018-03-18T12:43:43Z', '2018-03-18 12:51:42'),
(486, '428688', '653', '59.00', '-127.00', '0.00', '0', '2018-03-18T12:44:06Z', '2018-03-18 12:51:42'),
(487, '428688', '654', '59.00', '-127.00', '72.00', '24', '2018-03-18T12:44:25Z', '2018-03-18 12:51:42'),
(488, '428688', '655', '59.00', '-127.00', '62.00', '25', '2018-03-18T12:44:43Z', '2018-03-18 12:51:42'),
(489, '428688', '656', '59.00', '-127.00', '14.00', '25', '2018-03-18T12:45:07Z', '2018-03-18 12:51:42'),
(490, '428688', '657', '59.00', '-127.00', '34.00', '25', '2018-03-18T12:45:26Z', '2018-03-18 12:51:42'),
(491, '428688', '658', '59.00', '-127.00', '34.00', '24', '2018-03-18T12:45:44Z', '2018-03-18 12:51:43'),
(492, '428688', '659', '59.00', '-127.00', '30.00', '24', '2018-03-18T12:46:06Z', '2018-03-18 12:51:43'),
(493, '428688', '660', '59.00', '-127.00', '31.00', '23', '2018-03-18T12:46:24Z', '2018-03-18 12:51:43'),
(494, '428688', '661', '59.00', '-127.00', '29.00', '23', '2018-03-18T12:46:42Z', '2018-03-18 12:51:43'),
(495, '428688', '662', '59.00', '-127.00', '30.00', '23', '2018-03-18T12:47:00Z', '2018-03-18 12:51:43'),
(496, '428688', '663', '59.00', '-127.00', '31.00', '23', '2018-03-18T12:47:19Z', '2018-03-18 12:51:43'),
(497, '428688', '664', '59.00', '-127.00', '36.00', '23', '2018-03-18T12:47:37Z', '2018-03-18 12:51:43'),
(498, '428688', '665', '59.00', '-127.00', '36.00', '22', '2018-03-18T12:47:55Z', '2018-03-18 12:51:43'),
(499, '428688', '666', '59.00', '-127.00', '31.00', '22', '2018-03-18T12:48:14Z', '2018-03-18 12:51:43'),
(500, '428688', '667', '59.00', '-127.00', '32.00', '22', '2018-03-18T12:48:32Z', '2018-03-18 12:51:43'),
(501, '428688', '668', '59.00', '-127.00', '30.00', '22', '2018-03-18T12:48:50Z', '2018-03-18 12:51:43'),
(502, '428688', '669', '59.00', '-127.00', '31.00', '22', '2018-03-18T12:49:08Z', '2018-03-18 12:51:43'),
(503, '428688', '670', '59.00', '-127.00', '29.00', '21', '2018-03-18T12:49:27Z', '2018-03-18 12:51:43'),
(504, '428688', '671', '58.00', '-127.00', '30.00', '21', '2018-03-18T12:49:45Z', '2018-03-18 12:51:43'),
(505, '428688', '672', '58.00', '-127.00', '31.00', '21', '2018-03-18T12:50:04Z', '2018-03-18 12:51:43'),
(506, '428688', '673', '59.00', '-127.00', '38.00', '21', '2018-03-18T12:50:21Z', '2018-03-18 12:51:44'),
(507, '428688', '674', '59.00', '-127.00', '32.00', '21', '2018-03-18T12:50:40Z', '2018-03-18 12:51:44'),
(508, '428688', '675', '59.00', '-127.00', '31.00', '21', '2018-03-18T12:50:58Z', '2018-03-18 12:51:44'),
(509, '428688', '676', '59.00', '-127.00', '31.00', '21', '2018-03-18T12:51:16Z', '2018-03-18 12:51:44'),
(510, '428688', '677', '59.00', '-127.00', '31.00', '21', '2018-03-18T12:51:34Z', '2018-03-18 12:51:44'),
(511, '428688', '678', '59.00', '-127.00', '31.00', '21', '2018-03-18T12:51:52Z', '2018-03-18 12:52:03'),
(512, '428688', '679', '59.00', '-127.00', '32.00', '21', '2018-03-18T12:52:11Z', '2018-03-18 12:52:03'),
(513, '428688', '680', '59.00', '-127.00', '33.00', '21', '2018-03-18T12:52:29Z', '2018-03-18 12:52:20'),
(514, '428688', '681', '59.00', '-127.00', '33.00', '21', '2018-03-18T12:52:47Z', '2018-03-18 12:52:37'),
(515, '428688', '682', '59.00', '-127.00', '33.00', '21', '2018-03-18T12:53:05Z', '2018-03-18 12:54:05'),
(516, '428688', '683', '59.00', '-127.00', '33.00', '21', '2018-03-18T12:53:24Z', '2018-03-18 12:54:05'),
(517, '428688', '684', '58.00', '-127.00', '34.00', '20', '2018-03-18T12:53:42Z', '2018-03-18 12:54:22'),
(518, '428688', '685', '58.00', '-127.00', '34.00', '20', '2018-03-18T12:54:00Z', '2018-03-18 12:54:22'),
(519, '428688', '686', '58.00', '-127.00', '34.00', '20', '2018-03-18T12:54:18Z', '2018-03-18 12:54:22'),
(520, '428688', '687', '58.00', '-127.00', '34.00', '20', '2018-03-18T12:54:36Z', '2018-03-18 12:54:22'),
(521, '428688', '688', '58.00', '-127.00', '33.00', '20', '2018-03-18T12:54:55Z', '2018-03-18 12:54:39'),
(522, '428688', '689', '59.00', '-127.00', '34.00', '20', '2018-03-18T12:55:13Z', '2018-03-18 12:54:58'),
(523, '428688', '690', '59.00', '-127.00', '35.00', '20', '2018-03-18T12:55:31Z', '2018-03-18 12:55:14'),
(524, '428688', '691', '59.00', '-127.00', '34.00', '20', '2018-03-18T12:55:49Z', '2018-03-18 12:55:31'),
(525, '428688', '692', '59.00', '-127.00', '34.00', '20', '2018-03-18T12:56:08Z', '2018-03-18 12:55:54'),
(526, '428688', '693', '60.00', '-127.00', '33.00', '20', '2018-03-18T12:56:26Z', '2018-03-18 12:56:16'),
(527, '428688', '694', '60.00', '-127.00', '32.00', '21', '2018-03-18T12:56:44Z', '2018-03-18 12:56:50'),
(528, '428688', '695', '60.00', '-127.00', '32.00', '21', '2018-03-18T12:57:02Z', '2018-03-18 12:56:50'),
(529, '428688', '696', '60.00', '-127.00', '32.00', '21', '2018-03-18T12:57:20Z', '2018-03-18 12:57:07'),
(530, '428688', '697', '60.00', '-127.00', '32.00', '21', '2018-03-18T12:57:39Z', '2018-03-18 12:57:24'),
(531, '428688', '698', '60.00', '-127.00', '32.00', '21', '2018-03-18T12:57:57Z', '2018-03-18 12:57:42'),
(532, '428688', '699', '60.00', '-127.00', '33.00', '21', '2018-03-18T12:58:15Z', '2018-03-18 12:57:59'),
(533, '428688', '700', '60.00', '-127.00', '40.00', '21', '2018-03-18T12:58:33Z', '2018-03-18 12:58:16'),
(534, '428688', '701', '60.00', '-127.00', '37.00', '21', '2018-03-18T12:58:52Z', '2018-03-18 12:58:34'),
(535, '428688', '702', '61.00', '-127.00', '38.00', '21', '2018-03-18T12:59:10Z', '2018-03-18 12:59:07'),
(536, '428688', '703', '61.00', '-127.00', '39.00', '21', '2018-03-18T12:59:29Z', '2018-03-18 12:59:25'),
(537, '428688', '704', '61.00', '-127.00', '40.00', '21', '2018-03-18T12:59:47Z', '2018-03-18 12:59:43'),
(538, '428688', '705', '60.00', '-127.00', '38.00', '21', '2018-03-18T13:00:06Z', '2018-03-18 13:00:35'),
(539, '428688', '706', '60.00', '-127.00', '39.00', '21', '2018-03-18T13:00:23Z', '2018-03-18 13:00:36'),
(540, '428688', '707', '60.00', '-127.00', '38.00', '21', '2018-03-18T13:00:42Z', '2018-03-18 13:00:36'),
(541, '428688', '708', '60.00', '-127.00', '37.00', '21', '2018-03-18T13:01:00Z', '2018-03-18 13:00:52'),
(542, '428688', '709', '60.00', '-127.00', '34.00', '21', '2018-03-18T13:01:18Z', '2018-03-18 13:01:09'),
(543, '428688', '710', '60.00', '-127.00', '33.00', '21', '2018-03-18T13:01:36Z', '2018-03-18 13:01:26'),
(544, '428688', '711', '60.00', '-127.00', '33.00', '21', '2018-03-18T13:01:55Z', '2018-03-18 13:01:44'),
(545, '428688', '712', '60.00', '-127.00', '33.00', '21', '2018-03-18T13:02:13Z', '2018-03-18 13:02:02'),
(546, '428688', '713', '60.00', '-127.00', '33.00', '21', '2018-03-18T13:02:31Z', '2018-03-18 13:02:19'),
(547, '428688', '714', '60.00', '-127.00', '31.00', '21', '2018-03-18T13:02:49Z', '2018-03-18 13:02:36'),
(548, '428688', '715', '60.00', '-127.00', '31.00', '21', '2018-03-18T13:03:11Z', '2018-03-18 13:02:54'),
(549, '428688', '716', '62.00', '-127.00', '35.00', '21', '2018-03-18T13:03:30Z', '2018-03-18 13:03:12'),
(550, '428688', '717', '61.00', '-127.00', '33.00', '21', '2018-03-18T13:03:48Z', '2018-03-18 13:03:29'),
(551, '428688', '718', '61.00', '-127.00', '37.00', '21', '2018-03-18T13:04:06Z', '2018-03-18 13:03:47'),
(552, '428688', '719', '61.00', '-127.00', '34.00', '21', '2018-03-18T13:04:24Z', '2018-03-18 13:04:20'),
(553, '428688', '748', '62.00', '-127.00', '36.00', '22', '2018-03-18T13:14:37Z', '2018-03-18 13:44:40'),
(554, '428688', '749', '62.00', '-127.00', '38.00', '22', '2018-03-18T13:14:56Z', '2018-03-18 13:44:40'),
(555, '428688', '750', '62.00', '-127.00', '30.00', '22', '2018-03-18T13:15:14Z', '2018-03-18 13:44:40'),
(556, '428688', '751', '62.00', '-127.00', '32.00', '22', '2018-03-18T13:15:33Z', '2018-03-18 13:44:41'),
(557, '428688', '752', '61.00', '-127.00', '33.00', '22', '2018-03-18T13:15:51Z', '2018-03-18 13:44:41'),
(558, '428688', '753', '61.00', '-127.00', '32.00', '22', '2018-03-18T13:16:09Z', '2018-03-18 13:44:41'),
(559, '428688', '754', '61.00', '-127.00', '32.00', '22', '2018-03-18T13:16:28Z', '2018-03-18 13:44:41'),
(560, '428688', '755', '61.00', '-127.00', '30.00', '22', '2018-03-18T13:16:46Z', '2018-03-18 13:44:41'),
(561, '428688', '756', '61.00', '-127.00', '35.00', '22', '2018-03-18T13:17:04Z', '2018-03-18 13:44:41'),
(562, '428688', '757', '61.00', '-127.00', '31.00', '22', '2018-03-18T13:17:22Z', '2018-03-18 13:44:41'),
(563, '428688', '758', '61.00', '-127.00', '29.00', '22', '2018-03-18T13:17:41Z', '2018-03-18 13:44:41'),
(564, '428688', '759', '61.00', '-127.00', '31.00', '22', '2018-03-18T13:18:00Z', '2018-03-18 13:44:41'),
(565, '428688', '760', '62.00', '-127.00', '28.00', '22', '2018-03-18T13:18:18Z', '2018-03-18 13:44:41'),
(566, '428688', '761', '62.00', '-127.00', '28.00', '21', '2018-03-18T13:18:36Z', '2018-03-18 13:44:41'),
(567, '428688', '762', '61.00', '-127.00', '28.00', '21', '2018-03-18T13:18:55Z', '2018-03-18 13:44:41'),
(568, '428688', '763', '61.00', '-127.00', '33.00', '21', '2018-03-18T13:19:13Z', '2018-03-18 13:44:41'),
(569, '428688', '764', '62.00', '-127.00', '37.00', '21', '2018-03-18T13:19:31Z', '2018-03-18 13:44:41'),
(570, '428688', '765', '62.00', '-127.00', '31.00', '21', '2018-03-18T13:19:49Z', '2018-03-18 13:44:41'),
(571, '428688', '766', '62.00', '-127.00', '33.00', '21', '2018-03-18T13:20:08Z', '2018-03-18 13:44:41'),
(572, '428688', '767', '61.00', '-127.00', '30.00', '21', '2018-03-18T13:20:26Z', '2018-03-18 13:44:41'),
(573, '428688', '768', '61.00', '-127.00', '29.00', '22', '2018-03-18T13:20:44Z', '2018-03-18 13:44:41'),
(574, '428688', '769', '61.00', '-127.00', '31.00', '21', '2018-03-18T13:21:03Z', '2018-03-18 13:44:42'),
(575, '428688', '770', '61.00', '-127.00', '29.00', '21', '2018-03-18T13:21:21Z', '2018-03-18 13:44:42'),
(576, '428688', '771', '61.00', '-127.00', '29.00', '21', '2018-03-18T13:21:39Z', '2018-03-18 13:44:42'),
(577, '428688', '772', '61.00', '-127.00', '29.00', '21', '2018-03-18T13:21:57Z', '2018-03-18 13:44:42'),
(578, '428688', '773', '61.00', '-127.00', '28.00', '21', '2018-03-18T13:22:15Z', '2018-03-18 13:44:42'),
(579, '428688', '774', '61.00', '-127.00', '28.00', '21', '2018-03-18T13:22:34Z', '2018-03-18 13:44:42'),
(580, '428688', '775', '61.00', '-127.00', '28.00', '21', '2018-03-18T13:22:52Z', '2018-03-18 13:44:42'),
(581, '428688', '776', '61.00', '-127.00', '28.00', '21', '2018-03-18T13:23:11Z', '2018-03-18 13:44:42'),
(582, '428688', '777', '62.00', '-127.00', '28.00', '21', '2018-03-18T13:23:29Z', '2018-03-18 13:44:42'),
(583, '428688', '778', '62.00', '-127.00', '29.00', '21', '2018-03-18T13:23:47Z', '2018-03-18 13:44:42'),
(584, '428688', '779', '61.00', '-127.00', '29.00', '21', '2018-03-18T13:24:06Z', '2018-03-18 13:44:42'),
(585, '428688', '780', '61.00', '-127.00', '28.00', '21', '2018-03-18T13:24:24Z', '2018-03-18 13:44:42'),
(586, '428688', '781', '61.00', '-127.00', '28.00', '21', '2018-03-18T13:24:42Z', '2018-03-18 13:44:42'),
(587, '428688', '782', '61.00', '-127.00', '28.00', '21', '2018-03-18T13:25:00Z', '2018-03-18 13:44:42'),
(588, '428688', '783', '61.00', '-127.00', '28.00', '21', '2018-03-18T13:25:18Z', '2018-03-18 13:44:42'),
(589, '428688', '784', '61.00', '-127.00', '31.00', '21', '2018-03-18T13:25:37Z', '2018-03-18 13:44:42'),
(590, '428688', '785', '61.00', '-127.00', '28.00', '21', '2018-03-18T13:25:55Z', '2018-03-18 13:44:42'),
(591, '428688', '786', '61.00', '-127.00', '28.00', '21', '2018-03-18T13:26:13Z', '2018-03-18 13:44:42'),
(592, '428688', '787', '61.00', '-127.00', '28.00', '21', '2018-03-18T13:26:31Z', '2018-03-18 13:44:42'),
(593, '428688', '788', '61.00', '-127.00', '28.00', '21', '2018-03-18T13:26:49Z', '2018-03-18 13:44:42'),
(594, '428688', '789', '61.00', '-127.00', '28.00', '21', '2018-03-18T13:27:08Z', '2018-03-18 13:44:42'),
(595, '428688', '790', '61.00', '-127.00', '28.00', '21', '2018-03-18T13:27:26Z', '2018-03-18 13:44:42'),
(596, '428688', '791', '61.00', '-127.00', '28.00', '21', '2018-03-18T13:27:44Z', '2018-03-18 13:44:42'),
(597, '428688', '792', '61.00', '-127.00', '28.00', '21', '2018-03-18T13:28:03Z', '2018-03-18 13:44:42'),
(598, '428688', '793', '61.00', '-127.00', '24.00', '21', '2018-03-18T13:28:22Z', '2018-03-18 13:44:42'),
(599, '428688', '794', '61.00', '-127.00', '23.00', '21', '2018-03-18T13:28:40Z', '2018-03-18 13:44:42'),
(600, '428688', '795', '61.00', '-127.00', '23.00', '21', '2018-03-18T13:28:58Z', '2018-03-18 13:44:43'),
(601, '428688', '796', '61.00', '-127.00', '23.00', '21', '2018-03-18T13:29:17Z', '2018-03-18 13:44:43'),
(602, '428688', '797', '61.00', '-127.00', '24.00', '21', '2018-03-18T13:29:35Z', '2018-03-18 13:44:43'),
(603, '428688', '798', '61.00', '-127.00', '24.00', '21', '2018-03-18T13:29:53Z', '2018-03-18 13:44:43'),
(604, '428688', '799', '61.00', '-127.00', '28.00', '21', '2018-03-18T13:30:12Z', '2018-03-18 13:44:43'),
(605, '428688', '800', '61.00', '-127.00', '29.00', '21', '2018-03-18T13:30:29Z', '2018-03-18 13:44:43'),
(606, '428688', '801', '61.00', '-127.00', '34.00', '21', '2018-03-18T13:30:48Z', '2018-03-18 13:44:43'),
(607, '428688', '802', '61.00', '-127.00', '29.00', '21', '2018-03-18T13:31:06Z', '2018-03-18 13:44:43'),
(608, '428688', '803', '61.00', '-127.00', '28.00', '21', '2018-03-18T13:31:24Z', '2018-03-18 13:44:43'),
(609, '428688', '804', '61.00', '-127.00', '28.00', '21', '2018-03-18T13:31:42Z', '2018-03-18 13:44:43'),
(610, '428688', '805', '61.00', '-127.00', '28.00', '21', '2018-03-18T13:32:01Z', '2018-03-18 13:44:43'),
(611, '428688', '806', '61.00', '-127.00', '28.00', '21', '2018-03-18T13:32:19Z', '2018-03-18 13:44:43'),
(612, '428688', '807', '61.00', '-127.00', '28.00', '21', '2018-03-18T13:32:37Z', '2018-03-18 13:44:43'),
(613, '428688', '808', '61.00', '-127.00', '28.00', '21', '2018-03-18T13:32:55Z', '2018-03-18 13:44:43'),
(614, '428688', '809', '61.00', '-127.00', '28.00', '21', '2018-03-18T13:33:14Z', '2018-03-18 13:44:43'),
(615, '428688', '810', '61.00', '-127.00', '28.00', '21', '2018-03-18T13:33:32Z', '2018-03-18 13:44:43'),
(616, '428688', '811', '61.00', '-127.00', '28.00', '21', '2018-03-18T13:33:50Z', '2018-03-18 13:44:43'),
(617, '428688', '812', '61.00', '-127.00', '28.00', '21', '2018-03-18T13:34:08Z', '2018-03-18 13:44:43'),
(618, '428688', '813', '61.00', '-127.00', '28.00', '21', '2018-03-18T13:34:26Z', '2018-03-18 13:44:43'),
(619, '428688', '814', '61.00', '-127.00', '28.00', '21', '2018-03-18T13:34:45Z', '2018-03-18 13:44:43'),
(620, '428688', '815', '61.00', '-127.00', '28.00', '21', '2018-03-18T13:35:03Z', '2018-03-18 13:44:43'),
(621, '428688', '816', '61.00', '-127.00', '28.00', '21', '2018-03-18T13:35:21Z', '2018-03-18 13:44:43'),
(622, '428688', '817', '61.00', '-127.00', '28.00', '21', '2018-03-18T13:35:39Z', '2018-03-18 13:44:43'),
(623, '428688', '818', '61.00', '-127.00', '28.00', '21', '2018-03-18T13:35:58Z', '2018-03-18 13:44:43'),
(624, '428688', '819', '61.00', '-127.00', '28.00', '21', '2018-03-18T13:36:16Z', '2018-03-18 13:44:44'),
(625, '428688', '820', '61.00', '-127.00', '28.00', '21', '2018-03-18T13:36:34Z', '2018-03-18 13:44:44'),
(626, '428688', '821', '61.00', '-127.00', '28.00', '21', '2018-03-18T13:36:52Z', '2018-03-18 13:44:44'),
(627, '428688', '822', '61.00', '-127.00', '28.00', '21', '2018-03-18T13:37:11Z', '2018-03-18 13:44:44'),
(628, '428688', '823', '61.00', '-127.00', '28.00', '21', '2018-03-18T13:37:29Z', '2018-03-18 13:44:44'),
(629, '428688', '824', '61.00', '-127.00', '28.00', '21', '2018-03-18T13:37:47Z', '2018-03-18 13:44:44'),
(630, '428688', '825', '61.00', '-127.00', '28.00', '21', '2018-03-18T13:38:05Z', '2018-03-18 13:44:44'),
(631, '428688', '826', '61.00', '-127.00', '28.00', '21', '2018-03-18T13:38:23Z', '2018-03-18 13:44:44'),
(632, '428688', '827', '61.00', '-127.00', '28.00', '21', '2018-03-18T13:38:42Z', '2018-03-18 13:44:44'),
(633, '428688', '828', '62.00', '-127.00', '28.00', '21', '2018-03-18T13:39:00Z', '2018-03-18 13:44:44'),
(634, '428688', '829', '62.00', '-127.00', '28.00', '21', '2018-03-18T13:39:18Z', '2018-03-18 13:44:44'),
(635, '428688', '830', '62.00', '-127.00', '24.00', '21', '2018-03-18T13:39:37Z', '2018-03-18 13:44:44'),
(636, '428688', '831', '62.00', '-127.00', '23.00', '21', '2018-03-18T13:39:55Z', '2018-03-18 13:44:44'),
(637, '428688', '832', '62.00', '-127.00', '23.00', '21', '2018-03-18T13:40:13Z', '2018-03-18 13:44:44'),
(638, '428688', '833', '62.00', '-127.00', '24.00', '21', '2018-03-18T13:40:31Z', '2018-03-18 13:44:44'),
(639, '428688', '834', '62.00', '-127.00', '24.00', '21', '2018-03-18T13:40:49Z', '2018-03-18 13:44:44'),
(640, '428688', '835', '62.00', '-127.00', '24.00', '21', '2018-03-18T13:41:08Z', '2018-03-18 13:44:44'),
(641, '428688', '836', '62.00', '-127.00', '28.00', '21', '2018-03-18T13:41:26Z', '2018-03-18 13:44:44'),
(642, '428688', '837', '62.00', '-127.00', '28.00', '21', '2018-03-18T13:41:44Z', '2018-03-18 13:44:44'),
(643, '428688', '838', '62.00', '-127.00', '28.00', '21', '2018-03-18T13:42:02Z', '2018-03-18 13:44:44'),
(644, '428688', '839', '62.00', '-127.00', '28.00', '21', '2018-03-18T13:42:28Z', '2018-03-18 13:44:44'),
(645, '428688', '840', '62.00', '-127.00', '28.00', '21', '2018-03-18T13:42:47Z', '2018-03-18 13:44:44'),
(646, '428688', '841', '62.00', '-127.00', '28.00', '21', '2018-03-18T13:43:05Z', '2018-03-18 13:44:44'),
(647, '428688', '842', '62.00', '-127.00', '28.00', '21', '2018-03-18T13:43:23Z', '2018-03-18 13:44:44'),
(648, '428688', '843', '62.00', '-127.00', '28.00', '21', '2018-03-18T13:43:42Z', '2018-03-18 13:44:45'),
(649, '428688', '844', '62.00', '-127.00', '28.00', '21', '2018-03-18T13:44:00Z', '2018-03-18 13:44:45'),
(650, '428688', '845', '62.00', '-127.00', '28.00', '21', '2018-03-18T13:44:18Z', '2018-03-18 13:44:45'),
(651, '428688', '846', '62.00', '-127.00', '29.00', '20', '2018-03-18T13:44:36Z', '2018-03-18 13:44:45'),
(652, '428688', '847', '62.00', '-127.00', '29.00', '20', '2018-03-18T13:44:54Z', '2018-03-18 13:44:45'),
(653, '428688', '848', '62.00', '-127.00', '29.00', '20', '2018-03-18T13:45:13Z', '2018-03-18 13:45:02'),
(654, '428688', '849', '62.00', '-127.00', '32.00', '20', '2018-03-18T13:45:31Z', '2018-03-18 13:45:19'),
(655, '428688', '850', '62.00', '-127.00', '29.00', '20', '2018-03-18T13:45:49Z', '2018-03-18 13:45:37'),
(656, '428688', '851', '62.00', '-127.00', '30.00', '20', '2018-03-18T13:46:08Z', '2018-03-18 13:45:54'),
(657, '428688', '852', '62.00', '-127.00', '29.00', '20', '2018-03-18T13:46:33Z', '2018-03-18 13:46:28'),
(658, '428688', '853', '62.00', '-127.00', '29.00', '20', '2018-03-18T13:46:51Z', '2018-03-18 13:46:46'),
(659, '428688', '854', '62.00', '-127.00', '29.00', '20', '2018-03-18T13:47:09Z', '2018-03-18 13:47:03'),
(660, '428688', '855', '62.00', '-127.00', '29.00', '20', '2018-03-18T13:47:28Z', '2018-03-18 13:47:21'),
(661, '428688', '856', '62.00', '-127.00', '29.00', '20', '2018-03-18T13:47:46Z', '2018-03-18 13:47:38'),
(662, '428688', '857', '62.00', '-127.00', '28.00', '21', '2018-03-18T13:48:04Z', '2018-03-18 13:47:56'),
(663, '428688', '858', '62.00', '-127.00', '29.00', '20', '2018-03-18T13:48:22Z', '2018-03-18 13:48:13'),
(664, '428688', '859', '62.00', '-127.00', '29.00', '20', '2018-03-18T13:48:41Z', '2018-03-18 13:48:30'),
(665, '428688', '860', '62.00', '-127.00', '29.00', '20', '2018-03-18T13:48:59Z', '2018-03-18 13:48:49'),
(666, '428688', '861', '62.00', '-127.00', '29.00', '20', '2018-03-18T13:49:17Z', '2018-03-18 13:49:06'),
(667, '428688', '862', '62.00', '-127.00', '32.00', '20', '2018-03-18T13:49:38Z', '2018-03-18 13:49:24'),
(668, '428688', '863', '62.00', '-127.00', '31.00', '20', '2018-03-18T13:49:56Z', '2018-03-18 13:49:42'),
(669, '428688', '864', '62.00', '-127.00', '30.00', '20', '2018-03-18T13:50:14Z', '2018-03-18 13:49:59'),
(670, '428688', '865', '62.00', '-127.00', '30.00', '20', '2018-03-18T13:50:33Z', '2018-03-18 13:50:16'),
(671, '428688', '866', '62.00', '-127.00', '29.00', '20', '2018-03-18T13:50:51Z', '2018-03-18 13:50:33'),
(672, '428688', '867', '62.00', '-127.00', '29.00', '20', '2018-03-18T13:51:09Z', '2018-03-18 13:50:50');

-- --------------------------------------------------------

--
-- Table structure for table `users`
--

CREATE TABLE `users` (
  `id` int(11) NOT NULL,
  `name` varchar(256) NOT NULL,
  `username` varchar(256) NOT NULL,
  `NID` int(20) DEFAULT NULL,
  `gender` enum('m','f','') NOT NULL,
  `password` varchar(256) NOT NULL,
  `birth_date` date DEFAULT NULL,
  `phone_number` varchar(32) NOT NULL,
  `email` varchar(256) NOT NULL,
  `createdDate` timestamp NOT NULL DEFAULT CURRENT_TIMESTAMP ON UPDATE CURRENT_TIMESTAMP
) ENGINE=InnoDB DEFAULT CHARSET=latin1;

--
-- Dumping data for table `users`
--

INSERT INTO `users` (`id`, `name`, `username`, `NID`, `gender`, `password`, `birth_date`, `phone_number`, `email`, `createdDate`) VALUES
(1, 'Kwizera Misago', 'coop_001', NULL, 'm', 'cooperative', '2018-04-18', '', '', '2018-04-07 21:47:05'),
(2, 'asda', '', 1212353, '', '', '0000-00-00', '2018-04-11 07:58:09', '', '2018-04-11 05:58:09'),
(3, 'dsds', '', 67567, '', '', '0000-00-00', '2018-04-11 08:36:46', '', '2018-04-11 06:36:46'),
(4, 'dsds', '', 67567, '', '', '0000-00-00', '2018-04-11 08:37:18', '', '2018-04-11 06:37:18'),
(5, 'dsds', '', 67567, '', '', '0000-00-00', '2018-04-11 08:37:25', '', '2018-04-11 06:37:25'),
(6, 'dsds', '', 67567, '', '', '0000-00-00', '2018-04-11 08:38:06', '', '2018-04-11 06:38:06'),
(7, 'qwqw', '', 1212, '', '', '0000-00-00', '2018-04-11 08:39:23', '', '2018-04-11 06:39:23'),
(8, 'qwqw', '', 1212, '', '', '0000-00-00', '22/04/2018', '', '2018-04-11 06:40:18'),
(9, 'qwqw', '', 1212, '', '', '0000-00-00', '1970-01-01', '', '2018-04-11 06:41:15'),
(10, 'qwqw', '', 1212, '', '', '0000-00-00', '1970-01-01', '', '2018-04-11 06:41:49'),
(11, 'qwqw', '', 1212, '', '', '0000-00-00', '2012-12-12', '', '2018-04-11 06:43:30'),
(12, 'qwqw', '', 1212, '', '', '0000-00-00', '2012-12-12', '', '2018-04-11 06:43:49'),
(13, 'qwqw', '', 1212, '', '', '0000-00-00', '2012-12-12', '', '2018-04-11 06:44:17'),
(14, '1212', '', 1212343423, '', '', '0000-00-00', '2012-12-12', '', '2018-04-11 06:45:33'),
(15, '1212', '', 1212343423, '', '', '0000-00-00', '2018-04-28', '', '2018-04-11 06:45:57'),
(16, '1212', '', 1212343423, '', '', '0000-00-00', '2018-04-28', '', '2018-04-11 06:46:04'),
(17, '1212', '', 1212343423, '', '', '0000-00-00', '2018-04-28', '', '2018-04-11 06:47:25'),
(18, '1212', '', 1212343423, '', '', '0000-00-00', '2018-04-28', '', '2018-04-11 06:47:51'),
(19, 'RULINDANA Lambert', '', 121212, '', '', '0000-00-00', '2018-04-22', '', '2018-04-11 07:12:11'),
(20, 'sdsd', '', 1212, 'm', '', '0000-00-00', '2018-04-14', '', '2018-04-11 07:15:30'),
(21, 'sdsd', '', 2147483647, 'm', '', '0000-00-00', '2018-04-14', '', '2018-04-11 07:17:01'),
(22, 'Bazimya Saphani', '', 1212192102, '', '', '2018-04-19', '12617212', '', '2018-04-11 07:20:42'),
(23, 'Six', '', 1212, 'm', '', '2018-04-21', '121', '', '2018-04-11 07:21:50'),
(24, 'Six', '', 1212, 'm', '', '2018-04-21', '121', '', '2018-04-11 07:22:01'),
(25, 'Six', '', 1212, 'm', '', '2018-04-21', '121', '', '2018-04-11 07:22:09'),
(26, 'Six', '', 1212, 'm', '', '2018-04-21', '121', '', '2018-04-11 07:22:14'),
(27, 's1212', '', 1212, 'm', '', '2018-04-21', '12121', '', '2018-04-11 07:22:40'),
(28, 'sdsdd', '', 1212, 'f', '', '2018-04-29', '1212', '', '2018-04-11 07:30:16'),
(29, 'PLacide', '', 123230, 'm', '', '2018-04-22', '11921', '', '2018-04-11 08:14:39'),
(30, 'PLacide', '', 123230, 'm', '', '2018-04-22', '11921', '', '2018-04-11 08:14:45'),
(31, 'PLacide', '', 123230, 'm', '', '2018-04-22', '11921', '', '2018-04-11 08:15:45'),
(32, 'dsd', '', 223, 'f', '', '2018-04-10', '121', '', '2018-04-11 08:16:01'),
(33, 'dsd', '', 223, 'f', '', '2018-04-10', '121', '', '2018-04-11 08:16:25'),
(34, 'Samuel w\'impyisi', '', 2147483647, 'f', '', '2018-04-21', '544445', '', '2018-04-13 17:00:29');

-- --------------------------------------------------------

--
-- Table structure for table `wholesalers`
--

CREATE TABLE `wholesalers` (
  `id` int(11) NOT NULL,
  `userId` int(11) NOT NULL,
  `wholesalerLocation` varchar(256) NOT NULL,
  `dateStart` timestamp NOT NULL DEFAULT CURRENT_TIMESTAMP ON UPDATE CURRENT_TIMESTAMP,
  `dateSuspended` timestamp NULL DEFAULT NULL
) ENGINE=InnoDB DEFAULT CHARSET=latin1;

-- --------------------------------------------------------

--
-- Table structure for table `wholesaler_stock`
--

CREATE TABLE `wholesaler_stock` (
  `id` int(11) NOT NULL,
  `name` varchar(256) NOT NULL,
  `location` varchar(256) NOT NULL,
  `TIN` int(11) NOT NULL,
  `startDate` timestamp NOT NULL DEFAULT CURRENT_TIMESTAMP ON UPDATE CURRENT_TIMESTAMP COMMENT 'when ikusanyirizo started working',
  `suspendDate` timestamp NULL DEFAULT NULL COMMENT 'when ikusanyirizo stoped working permanently',
  `status` varchar(16) NOT NULL
) ENGINE=MyISAM DEFAULT CHARSET=latin1 COMMENT='Here we store centers where harvest are collected';

--
-- Indexes for dumped tables
--

--
-- Indexes for table `charvest_output`
--
ALTER TABLE `charvest_output`
  ADD PRIMARY KEY (`id`),
  ADD KEY `output-harvest` (`harvestId`),
  ADD KEY `harvest_deckaration-user` (`createdBy`);

--
-- Indexes for table `charvest_sales`
--
ALTER TABLE `charvest_sales`
  ADD PRIMARY KEY (`id`);

--
-- Indexes for table `collectionusers`
--
ALTER TABLE `collectionusers`
  ADD PRIMARY KEY (`collectionUserId`);

--
-- Indexes for table `cooperativecommitee`
--
ALTER TABLE `cooperativecommitee`
  ADD PRIMARY KEY (`id`);

--
-- Indexes for table `cooperatives`
--
ALTER TABLE `cooperatives`
  ADD PRIMARY KEY (`cooperativeId`);

--
-- Indexes for table `cooperative_committee`
--
ALTER TABLE `cooperative_committee`
  ADD PRIMARY KEY (`id`);

--
-- Indexes for table `cooperative_crops`
--
ALTER TABLE `cooperative_crops`
  ADD PRIMARY KEY (`id`);

--
-- Indexes for table `cooperative_crop_registaration`
--
ALTER TABLE `cooperative_crop_registaration`
  ADD PRIMARY KEY (`id`);

--
-- Indexes for table `cooperative_file_harvest_record`
--
ALTER TABLE `cooperative_file_harvest_record`
  ADD PRIMARY KEY (`id`);

--
-- Indexes for table `cooperative_harvest`
--
ALTER TABLE `cooperative_harvest`
  ADD PRIMARY KEY (`id`);

--
-- Indexes for table `cooperative_members`
--
ALTER TABLE `cooperative_members`
  ADD PRIMARY KEY (`ID_NUMBER`);

--
-- Indexes for table `cooperative_registaration`
--
ALTER TABLE `cooperative_registaration`
  ADD PRIMARY KEY (`crop_ID`);

--
-- Indexes for table `crops`
--
ALTER TABLE `crops`
  ADD PRIMARY KEY (`cropId`);

--
-- Indexes for table `crops_pricing`
--
ALTER TABLE `crops_pricing`
  ADD PRIMARY KEY (`pricingId`),
  ADD KEY `pricing-crop` (`cropId`),
  ADD KEY `pricing-cooperative` (`cooperativeId`);

--
-- Indexes for table `farmer`
--
ALTER TABLE `farmer`
  ADD PRIMARY KEY (`farmerId`);

--
-- Indexes for table `harvest`
--
ALTER TABLE `harvest`
  ADD PRIMARY KEY (`id`);

--
-- Indexes for table `stations_data`
--
ALTER TABLE `stations_data`
  ADD PRIMARY KEY (`id`);

--
-- Indexes for table `users`
--
ALTER TABLE `users`
  ADD PRIMARY KEY (`id`);

--
-- Indexes for table `wholesalers`
--
ALTER TABLE `wholesalers`
  ADD PRIMARY KEY (`id`);

--
-- Indexes for table `wholesaler_stock`
--
ALTER TABLE `wholesaler_stock`
  ADD PRIMARY KEY (`id`);

--
-- AUTO_INCREMENT for dumped tables
--

--
-- AUTO_INCREMENT for table `charvest_output`
--
ALTER TABLE `charvest_output`
  MODIFY `id` int(11) NOT NULL AUTO_INCREMENT;
--
-- AUTO_INCREMENT for table `charvest_sales`
--
ALTER TABLE `charvest_sales`
  MODIFY `id` int(11) NOT NULL AUTO_INCREMENT;
--
-- AUTO_INCREMENT for table `collectionusers`
--
ALTER TABLE `collectionusers`
  MODIFY `collectionUserId` int(11) NOT NULL AUTO_INCREMENT;
--
-- AUTO_INCREMENT for table `cooperativecommitee`
--
ALTER TABLE `cooperativecommitee`
  MODIFY `id` int(11) NOT NULL AUTO_INCREMENT;
--
-- AUTO_INCREMENT for table `cooperatives`
--
ALTER TABLE `cooperatives`
  MODIFY `cooperativeId` int(11) NOT NULL AUTO_INCREMENT, AUTO_INCREMENT=4;
--
-- AUTO_INCREMENT for table `cooperative_committee`
--
ALTER TABLE `cooperative_committee`
  MODIFY `id` int(11) NOT NULL AUTO_INCREMENT, AUTO_INCREMENT=2;
--
-- AUTO_INCREMENT for table `cooperative_crops`
--
ALTER TABLE `cooperative_crops`
  MODIFY `id` int(11) NOT NULL AUTO_INCREMENT, AUTO_INCREMENT=22;
--
-- AUTO_INCREMENT for table `cooperative_harvest`
--
ALTER TABLE `cooperative_harvest`
  MODIFY `id` int(11) NOT NULL AUTO_INCREMENT, AUTO_INCREMENT=2;
--
-- AUTO_INCREMENT for table `crops`
--
ALTER TABLE `crops`
  MODIFY `cropId` int(11) NOT NULL AUTO_INCREMENT, AUTO_INCREMENT=13;
--
-- AUTO_INCREMENT for table `crops_pricing`
--
ALTER TABLE `crops_pricing`
  MODIFY `pricingId` int(11) NOT NULL AUTO_INCREMENT;
--
-- AUTO_INCREMENT for table `farmer`
--
ALTER TABLE `farmer`
  MODIFY `farmerId` int(11) NOT NULL AUTO_INCREMENT, AUTO_INCREMENT=11;
--
-- AUTO_INCREMENT for table `harvest`
--
ALTER TABLE `harvest`
  MODIFY `id` int(11) NOT NULL AUTO_INCREMENT, AUTO_INCREMENT=2;
--
-- AUTO_INCREMENT for table `stations_data`
--
ALTER TABLE `stations_data`
  MODIFY `id` int(11) NOT NULL AUTO_INCREMENT, AUTO_INCREMENT=673;
--
-- AUTO_INCREMENT for table `users`
--
ALTER TABLE `users`
  MODIFY `id` int(11) NOT NULL AUTO_INCREMENT, AUTO_INCREMENT=35;
--
-- AUTO_INCREMENT for table `wholesalers`
--
ALTER TABLE `wholesalers`
  MODIFY `id` int(11) NOT NULL AUTO_INCREMENT;
--
-- AUTO_INCREMENT for table `wholesaler_stock`
--
ALTER TABLE `wholesaler_stock`
  MODIFY `id` int(11) NOT NULL AUTO_INCREMENT;
--
-- Constraints for dumped tables
--

--
-- Constraints for table `charvest_output`
--
ALTER TABLE `charvest_output`
  ADD CONSTRAINT `harvest_deckaration-user` FOREIGN KEY (`createdBy`) REFERENCES `users` (`id`) ON UPDATE CASCADE,
  ADD CONSTRAINT `output-harvest` FOREIGN KEY (`harvestId`) REFERENCES `cooperative_harvest` (`id`) ON UPDATE CASCADE;

--
-- Constraints for table `crops_pricing`
--
ALTER TABLE `crops_pricing`
  ADD CONSTRAINT `pricing-cooperative` FOREIGN KEY (`cooperativeId`) REFERENCES `cooperatives` (`cooperativeId`) ON UPDATE CASCADE,
  ADD CONSTRAINT `pricing-crop` FOREIGN KEY (`cropId`) REFERENCES `crops` (`cropId`) ON UPDATE CASCADE;
COMMIT;

/*!40101 SET CHARACTER_SET_CLIENT=@OLD_CHARACTER_SET_CLIENT */;
/*!40101 SET CHARACTER_SET_RESULTS=@OLD_CHARACTER_SET_RESULTS */;
/*!40101 SET COLLATION_CONNECTION=@OLD_COLLATION_CONNECTION */;
